id_commande,id_restaurant,id_gerant,id_client,id_type_service,id_paiement,id_type_de_commande,date_commande,montant_commande,profit,nombre_articles,taux_de_TVA
1,3,9,35,1,2,2,10/11/2023,149.93,37.14,3,0.14
2,5,5,3,3,3,3,3/21/2024,58.87,25.26,4,0.15
3,2,1,14,2,3,1,7/2/2023,92.37,43.96,2,0.19
4,2,3,21,1,2,2,5/27/2024,41.23,19.65,8,0.06
5,5,4,28,1,2,1,5/25/2024,112.61,5.15,4,0.14
6,1,6,61,1,3,1,4/2/2024,78.02,13.14,5,0.12
7,1,3,95,1,1,1,7/22/2023,97.15,32.49,4,0.15
8,4,4,95,2,2,2,8/29/2023,146.62,18.33,10,0.15
9,4,9,91,3,2,1,8/4/2023,88.58,43.27,1,0.09
10,3,9,61,1,3,2,1/21/2024,68.61,8.51,3,0.15
11,2,2,52,1,1,3,11/29/2023,73.81,49.18,2,0.12
12,5,4,39,3,1,1,1/6/2024,64.14,27.72,6,0.1
13,4,3,78,3,1,2,2/20/2024,68.7,17.42,3,0.16
14,4,4,46,1,3,1,4/1/2024,31.57,26.29,10,0.17
15,1,9,59,3,2,3,3/10/2024,69.98,39.88,2,0.09
16,3,6,54,1,2,1,8/6/2023,99.31,22.66,9,0.16
17,3,5,24,3,2,2,2/18/2024,104.23,5.3,2,0.12
18,1,4,44,2,1,1,5/11/2024,67.69,44.88,2,0.07
19,5,2,85,1,1,1,12/29/2023,39.71,46.2,3,0.11
20,3,1,68,3,2,2,9/11/2023,84.44,34.94,1,0.15
21,2,8,5,2,3,1,3/27/2024,124.52,38.58,7,0.11
22,4,9,76,3,2,1,6/16/2024,34.36,10.11,9,0.15
23,4,5,95,1,2,2,8/25/2023,47.03,26.55,1,0.07
24,3,5,96,3,1,2,9/13/2023,130.6,10.09,7,0.1
25,2,9,56,1,3,2,12/10/2023,39.18,18.68,4,0.09
26,1,7,94,2,3,2,8/22/2023,64.51,25.91,4,0.07
27,4,5,15,2,3,2,5/20/2024,65.54,28.26,5,0.14
28,2,9,34,2,3,3,12/9/2023,147.54,10.26,2,0.13
29,2,10,67,2,2,2,2/4/2024,118.59,32.01,7,0.07
30,4,6,15,3,3,3,7/22/2023,88.78,36.49,9,0.16
31,4,5,24,2,3,2,12/27/2023,83.06,47.34,3,0.09
32,4,2,32,1,3,3,7/12/2023,134.12,22.38,5,0.17
33,5,6,27,2,2,2,9/15/2023,132.25,5.64,7,0.18
34,5,8,74,3,2,2,5/11/2024,111.39,48.43,4,0.19
35,1,3,4,1,1,1,1/15/2024,50.47,45.48,8,0.09
36,3,8,81,1,2,3,9/30/2023,148.68,31.66,6,0.13
37,4,5,93,3,1,3,1/30/2024,34.69,24.19,8,0.09
38,2,10,31,3,3,3,3/18/2024,142.78,25.59,8,0.14
39,2,1,21,3,1,2,10/20/2023,137.91,38.66,8,0.07
40,5,1,14,1,1,2,5/27/2024,57.15,13.32,7,0.07
41,5,10,10,1,2,2,10/11/2023,50.4,41.67,7,0.17
42,2,5,27,1,1,3,2/8/2024,75.96,23,6,0.15
43,2,10,22,2,2,1,2/29/2024,102.95,40.52,8,0.1
44,4,6,85,2,1,2,5/16/2024,44.2,46.89,10,0.18
45,4,6,61,1,1,1,2/4/2024,114.66,33.24,7,0.17
46,1,7,33,3,1,1,7/7/2023,148.23,23.32,5,0.1
47,2,10,36,2,1,1,9/15/2023,44.36,22.3,6,0.08
48,4,7,96,2,1,2,8/10/2023,133.42,47.89,10,0.12
49,4,2,86,3,3,1,12/1/2023,116.3,33.42,4,0.1
50,5,3,77,1,1,2,8/25/2023,43.91,46.13,2,0.13
51,2,1,24,2,2,1,10/12/2023,72.02,28.2,8,0.05
52,3,6,53,2,1,2,11/25/2023,31.21,18.21,3,0.1
53,4,4,43,1,3,3,8/19/2023,56.85,40.53,1,0.11
54,2,5,31,2,2,3,8/2/2023,147.73,41.93,10,0.14
55,4,10,39,1,1,3,1/14/2024,76.08,26.11,7,0.17
56,1,4,86,3,3,1,7/10/2023,84.94,5.68,9,0.19
57,3,2,43,2,1,1,9/23/2023,61.14,32.83,3,0.19
58,1,9,11,3,1,3,10/11/2023,43.33,48.59,6,0.16
59,5,2,76,2,3,1,9/1/2023,33.55,30.82,7,0.18
60,3,10,95,2,3,3,3/7/2024,46.24,29.55,9,0.19
61,3,1,10,2,1,2,7/27/2023,128.93,7.3,6,0.1
62,3,8,86,1,1,1,4/30/2024,117.4,37.64,3,0.18
63,1,1,66,1,3,3,1/6/2024,140.5,47.59,4,0.14
64,1,4,24,2,1,2,7/10/2023,142.58,44.46,2,0.13
65,2,5,57,3,2,2,6/11/2024,76.86,11.97,7,0.08
66,5,4,11,3,1,3,9/21/2023,72.9,32.03,2,0.2
67,3,2,70,3,3,3,5/21/2024,72.82,41.1,3,0.16
68,1,5,91,3,3,3,9/26/2023,76.39,44.38,3,0.18
69,1,6,97,1,3,3,6/20/2023,47.99,19.42,5,0.11
70,4,3,93,3,1,2,8/16/2023,37.26,14.06,5,0.12
71,2,3,71,1,3,1,7/30/2023,121.28,33.55,9,0.06
72,1,2,77,1,2,1,5/17/2024,104.68,40,2,0.16
73,4,10,29,2,1,3,2/11/2024,92.67,5.23,8,0.11
74,3,7,51,3,1,3,1/6/2024,42.31,25.09,3,0.11
75,3,9,64,3,2,2,9/4/2023,141.82,9.84,10,0.19
76,3,7,29,2,3,3,7/31/2023,130.95,27.7,3,0.15
77,5,6,2,1,1,3,2/28/2024,65.95,34.58,7,0.16
78,1,3,41,2,1,2,4/4/2024,33.79,27.93,10,0.11
79,5,8,14,3,3,2,11/11/2023,91.83,5.83,5,0.15
80,4,6,43,3,3,2,10/15/2023,128.94,41.23,1,0.07
81,2,9,10,2,2,3,1/19/2024,128.98,11.22,7,0.11
82,3,4,45,1,3,3,12/30/2023,125.34,36.91,9,0.14
83,4,1,70,3,2,3,1/12/2024,63.39,47.69,4,0.2
84,2,10,9,3,1,1,8/20/2023,128.94,13.64,8,0.09
85,2,8,24,1,1,1,3/7/2024,30.8,32.25,6,0.06
86,2,7,63,3,3,3,4/1/2024,99,34.5,2,0.05
87,4,9,7,3,2,3,10/21/2023,42.35,13.19,3,0.11
88,1,10,95,2,3,1,12/25/2023,103.67,5.93,10,0.12
89,3,4,65,3,2,2,6/5/2024,132.65,25.44,9,0.14
90,2,5,13,1,3,2,6/4/2024,45.92,47.68,1,0.15
91,3,9,9,1,3,2,12/22/2023,109.99,38.18,3,0.17
92,4,1,82,1,3,3,12/26/2023,103.42,47.84,6,0.19
93,4,10,57,1,3,2,11/9/2023,109.87,49.39,10,0.12
94,3,5,32,3,3,1,11/17/2023,135.79,49.71,5,0.12
95,1,3,63,2,3,3,4/29/2024,51.24,14.92,3,0.12
96,1,9,30,3,2,2,1/5/2024,105.91,45.38,7,0.1
97,2,9,67,3,3,2,10/18/2023,137.49,17.25,10,0.12
98,5,10,55,1,1,1,12/12/2023,141.55,25.05,3,0.16
99,1,1,60,1,1,2,5/11/2024,122.42,31.57,2,0.1
100,5,10,35,2,1,1,9/2/2023,32.59,34.86,8,0.06
101,4,4,43,3,2,1,5/22/2024,46.48,5.4,7,0.17
102,5,1,10,1,3,3,12/7/2023,106.12,16.01,9,0.05
103,5,6,5,3,3,2,11/15/2023,40.31,12.71,1,0.19
104,5,2,1,2,3,1,3/11/2024,71.34,42.34,10,0.09
105,4,4,43,2,3,1,12/18/2023,44.06,26.13,5,0.06
106,2,1,62,1,1,2,2/7/2024,73.96,20.73,5,0.15
107,4,10,19,1,2,2,11/14/2023,36.18,13.74,6,0.13
108,2,10,20,3,3,3,6/26/2023,78.31,11.29,9,0.12
109,5,2,37,1,3,2,8/5/2023,88.93,10.17,1,0.11
110,1,5,95,3,2,3,11/6/2023,67.4,38.94,5,0.07
111,5,10,19,3,1,2,5/21/2024,75.49,31.45,1,0.08
112,5,3,47,2,2,2,7/31/2023,36.61,26.96,7,0.07
113,1,6,73,2,1,1,11/17/2023,74.19,32.35,2,0.18
114,2,2,2,2,1,2,7/31/2023,90.53,32.72,8,0.12
115,5,1,29,3,1,3,5/22/2024,126.77,30.37,3,0.18
116,4,8,15,1,1,1,10/31/2023,67.26,24.92,3,0.06
117,4,3,19,3,2,2,8/22/2023,48.4,29.71,2,0.12
118,3,4,83,3,1,2,2/9/2024,43.4,47.53,6,0.19
119,4,4,80,1,2,2,6/17/2023,58.23,29.32,10,0.18
120,1,9,60,3,1,1,10/14/2023,107.89,35.05,8,0.11
121,4,9,32,2,3,2,4/23/2024,59.41,30.19,3,0.18
122,3,9,64,2,3,2,10/19/2023,99.29,23.55,2,0.16
123,1,5,10,1,3,3,3/24/2024,100.16,36.81,10,0.13
124,2,5,28,3,2,3,5/23/2024,80.81,38.14,6,0.07
125,2,3,17,1,3,3,3/30/2024,100.25,5.1,2,0.14
126,5,1,54,1,1,2,8/25/2023,120.3,10.62,2,0.1
127,5,9,44,3,1,3,1/22/2024,41.59,10.66,3,0.2
128,5,9,55,3,2,3,2/9/2024,50.13,7.76,4,0.07
129,2,2,57,1,3,3,9/25/2023,38.99,27.15,6,0.05
130,5,5,44,1,2,1,9/13/2023,113.45,8.11,3,0.18
131,3,4,53,2,3,3,12/29/2023,52.26,13.32,5,0.16
132,2,4,17,3,1,1,10/31/2023,77.1,6.02,9,0.18
133,4,9,66,1,1,3,4/5/2024,135.73,26.51,3,0.19
134,4,2,63,1,1,1,11/16/2023,135.8,5.04,8,0.1
135,3,7,55,1,3,3,2/27/2024,70.54,38.55,3,0.06
136,1,2,31,2,1,3,4/16/2024,98.75,26.31,10,0.13
137,2,10,89,3,1,2,8/3/2023,88.78,41.71,6,0.06
138,5,1,8,2,1,3,6/12/2024,107.8,42.57,3,0.13
139,4,8,3,3,3,3,8/1/2023,103.86,9.12,4,0.2
140,1,9,28,2,3,2,9/21/2023,51.1,33.61,8,0.16
141,2,5,26,3,2,2,1/3/2024,119.07,15.19,5,0.08
142,3,9,40,1,2,3,4/8/2024,43.04,30.27,9,0.16
143,4,7,32,3,3,1,7/9/2023,138.47,27.36,7,0.16
144,4,7,58,1,3,1,1/15/2024,111.54,46.19,1,0.2
145,1,6,45,1,3,3,8/18/2023,133.64,6.18,2,0.11
146,1,1,38,2,1,2,12/22/2023,39.14,33.91,3,0.1
147,5,7,35,1,1,2,1/12/2024,112.31,41.66,8,0.2
148,4,8,92,2,3,1,6/10/2024,143.78,5.24,4,0.08
149,1,1,81,2,3,2,1/24/2024,128.86,37.62,9,0.13
150,3,4,5,1,2,2,6/17/2023,77.1,40.09,6,0.1
151,4,3,87,3,1,3,8/23/2023,31.21,48.1,6,0.11
152,1,3,79,2,1,3,10/15/2023,43.95,5.2,9,0.11
153,5,7,66,3,3,1,4/4/2024,97.68,39.74,8,0.13
154,3,1,19,3,1,2,12/22/2023,68.51,11.22,10,0.17
155,1,4,4,1,2,3,10/25/2023,115.32,22.25,4,0.05
156,5,8,23,2,2,2,10/9/2023,36.27,31.32,6,0.13
157,5,5,60,2,3,3,4/13/2024,65.01,13.5,5,0.16
158,3,9,95,3,1,1,12/7/2023,61.03,16.39,1,0.09
159,2,8,81,1,1,1,7/21/2023,78.78,32.28,4,0.08
160,4,1,70,1,3,2,8/16/2023,91.42,17.67,7,0.14
161,2,2,68,1,1,2,1/20/2024,123.18,11.51,3,0.06
162,1,10,40,2,2,2,1/21/2024,73.74,32.41,4,0.07
163,3,6,86,3,1,1,10/26/2023,113.03,15.14,1,0.1
164,4,7,65,3,2,3,9/8/2023,71.78,25.59,3,0.17
165,1,9,39,3,3,1,5/17/2024,76.47,44.81,7,0.09
166,4,2,5,2,3,3,12/9/2023,103.34,27.37,9,0.08
167,4,7,51,1,2,2,12/22/2023,46.26,21.56,2,0.08
168,3,10,95,3,3,3,1/12/2024,73.78,23.54,1,0.18
169,3,3,63,3,2,2,7/1/2023,89.81,44.61,1,0.18
170,5,3,17,1,1,3,5/27/2024,144.54,29.11,8,0.12
171,4,4,15,2,1,1,7/18/2023,73.57,41.92,4,0.08
172,4,2,51,1,2,1,12/16/2023,90.3,9.47,1,0.08
173,5,8,63,2,1,2,2/23/2024,124.55,22.07,5,0.18
174,2,3,31,2,1,1,10/9/2023,30.97,33.94,7,0.17
175,5,7,44,2,1,1,1/15/2024,95.4,6.94,7,0.13
176,4,6,74,1,3,2,6/26/2023,134.66,21.34,2,0.09
177,5,4,45,3,2,3,1/6/2024,111.8,20.63,10,0.07
178,2,3,19,1,3,1,10/20/2023,36.51,18.35,2,0.17
179,3,9,39,3,2,2,7/5/2023,57.65,41.22,9,0.11
180,1,8,92,2,3,3,6/10/2024,148.08,48.32,3,0.08
181,1,7,69,3,2,1,8/8/2023,34.54,48.68,8,0.13
182,3,3,89,2,1,2,9/28/2023,55.74,10.14,8,0.15
183,4,6,1,3,1,2,10/16/2023,39.96,14.62,10,0.13
184,2,2,94,3,3,3,6/17/2023,37.2,12.49,6,0.1
185,4,3,56,3,2,1,8/4/2023,108.07,34.37,10,0.08
186,3,6,95,3,1,2,6/4/2024,103.08,8.75,5,0.12
187,3,1,46,3,2,1,7/17/2023,95.5,33.1,10,0.08
188,3,8,73,2,3,2,10/4/2023,131.88,7.57,7,0.14
189,1,8,36,3,3,2,9/14/2023,73.4,8.49,6,0.17
190,2,2,86,2,3,2,3/22/2024,35.46,37.24,6,0.19
191,2,9,64,1,3,1,5/7/2024,145.44,26.91,7,0.19
192,4,6,63,1,1,1,3/26/2024,55.31,27.77,7,0.08
193,3,4,43,2,2,2,3/18/2024,46.23,24.09,3,0.05
194,4,7,26,1,1,1,9/2/2023,69.77,8.44,5,0.11
195,3,10,28,3,3,3,9/26/2023,63.75,25.23,5,0.16
196,2,2,24,1,3,3,3/28/2024,113.56,19.67,5,0.14
197,4,8,16,2,3,1,9/7/2023,36.83,12.94,2,0.09
198,5,3,85,1,3,1,3/20/2024,81.63,44.61,9,0.1
199,2,4,87,3,3,2,12/11/2023,82.94,23.03,8,0.15
200,5,1,66,1,3,3,12/12/2023,57.1,26.97,8,0.14
201,4,3,4,3,1,2,5/12/2024,64.82,44.71,7,0.1
202,5,9,27,2,3,2,12/3/2023,122.58,11.58,10,0.16
203,2,6,74,2,1,2,6/12/2024,87.08,11.12,10,0.17
204,2,1,24,3,1,1,6/12/2024,118.69,15.35,10,0.08
205,3,2,60,1,2,2,3/19/2024,78.41,9.39,6,0.12
206,5,6,83,3,3,3,5/22/2024,49.9,32.4,6,0.19
207,2,4,72,3,3,2,8/27/2023,114.8,42.45,3,0.07
208,5,7,12,2,3,3,7/10/2023,142.96,13.24,4,0.15
209,4,10,51,1,1,3,10/14/2023,72.39,39.13,7,0.13
210,3,3,2,2,2,2,10/13/2023,73.97,32.06,2,0.06
211,5,2,94,2,2,3,3/4/2024,145.58,41.37,5,0.12
212,2,6,29,2,1,3,1/3/2024,82.95,23.68,8,0.05
213,3,6,2,2,2,1,3/16/2024,132.4,19.07,8,0.19
214,2,10,29,2,1,2,7/23/2023,30.05,22.63,5,0.16
215,5,4,47,1,3,1,9/17/2023,40.38,29.07,10,0.06
216,4,2,9,1,2,1,1/20/2024,60.78,30.21,5,0.06
217,5,8,86,2,2,1,6/26/2023,88.22,25.73,6,0.15
218,1,7,91,1,3,3,12/9/2023,85.03,35.91,10,0.13
219,3,9,26,3,1,2,11/6/2023,55.97,45.71,7,0.12
220,4,10,61,2,1,2,7/21/2023,127.86,29.16,8,0.1
221,5,7,14,1,1,2,11/2/2023,67.55,32.76,5,0.14
222,1,10,53,1,3,2,12/4/2023,75.8,46.4,8,0.18
223,3,10,32,2,2,1,8/12/2023,107.94,9.97,2,0.15
224,3,3,95,3,1,2,8/16/2023,119.79,24.84,5,0.13
225,3,2,48,1,1,1,6/28/2023,102.81,18.45,2,0.13
226,1,4,12,3,2,2,11/10/2023,117.1,8.07,10,0.17
227,5,2,3,2,3,1,6/12/2024,146.37,17.32,1,0.13
228,5,3,38,3,2,3,7/27/2023,53.83,21.1,10,0.18
229,4,2,90,1,3,3,10/5/2023,111.48,31.2,1,0.18
230,2,6,41,2,3,2,2/19/2024,136.1,33.83,2,0.07
231,1,3,65,1,2,2,1/23/2024,54.23,36.98,4,0.17
232,1,5,21,2,1,1,7/28/2023,130.32,31.6,4,0.07
233,5,8,72,2,1,3,10/5/2023,88.54,43.28,10,0.2
234,3,7,10,3,3,2,6/10/2024,123.94,8.14,2,0.19
235,1,6,44,1,3,1,3/17/2024,35.52,35.21,9,0.05
236,5,10,78,2,3,2,5/3/2024,44.2,5.72,2,0.13
237,4,9,95,1,3,3,12/31/2023,136.55,48.4,7,0.07
238,2,8,85,1,2,2,5/7/2024,114.67,48.92,3,0.14
239,2,1,17,2,3,2,12/31/2023,61.17,35.17,6,0.09
240,4,9,33,2,1,3,11/6/2023,127.22,28.93,4,0.17
241,2,6,77,3,3,2,4/28/2024,63.19,18.16,4,0.15
242,2,9,26,3,2,2,9/22/2023,64.92,22.4,10,0.12
243,1,1,55,2,3,1,2/9/2024,41.11,47.72,6,0.14
244,5,10,7,2,2,3,6/5/2024,117.96,29.81,1,0.16
245,2,7,93,3,1,3,2/24/2024,113.75,38.88,1,0.18
246,5,4,67,2,3,1,4/24/2024,33.1,13.06,7,0.17
247,3,10,75,1,2,3,8/14/2023,53.91,7.42,6,0.12
248,5,6,42,2,3,1,3/2/2024,70.9,49.06,10,0.16
249,3,6,94,3,3,3,6/12/2024,93.38,47.08,2,0.19
250,3,7,89,1,1,2,12/16/2023,61.73,7.78,2,0.14
251,1,4,82,1,1,1,7/3/2023,147.36,9.33,3,0.18
252,5,10,96,2,2,1,5/18/2024,54.12,26.21,1,0.14
253,5,2,45,2,1,3,8/9/2023,34.39,44.26,2,0.17
254,4,8,6,2,1,1,4/15/2024,93.45,19.1,1,0.2
255,5,6,74,3,2,3,7/1/2023,137.92,43.9,3,0.12
256,2,6,34,2,3,3,5/8/2024,78.68,37.65,5,0.1
257,3,7,62,1,2,2,1/12/2024,96.54,12.94,9,0.12
258,1,5,91,1,1,2,8/25/2023,122.59,27.19,1,0.12
259,1,5,62,3,1,2,6/11/2024,116.55,37.44,4,0.17
260,3,4,52,2,2,1,2/11/2024,115.24,31.71,3,0.15
261,2,5,75,3,1,1,3/13/2024,111.67,38.94,7,0.18
262,5,4,26,1,2,2,1/3/2024,116.21,37.2,6,0.09
263,5,4,44,2,3,1,10/15/2023,112.12,32.61,7,0.19
264,1,3,1,3,1,3,1/17/2024,107.3,40.81,1,0.05
265,4,6,33,2,3,1,12/30/2023,133.36,29.33,5,0.08
266,3,4,33,1,2,1,4/14/2024,88.04,24.88,7,0.11
267,2,9,75,3,1,1,6/24/2023,126.4,42.4,1,0.09
268,3,3,96,1,3,3,2/4/2024,53.26,40.28,6,0.16
269,2,2,98,3,3,3,2/1/2024,40.77,11.62,6,0.16
270,2,10,4,2,3,1,11/27/2023,101.55,20.12,3,0.19
271,1,1,58,3,1,2,12/7/2023,43.47,15.94,10,0.08
272,1,5,64,3,2,3,1/5/2024,149.37,23.54,6,0.16
273,2,4,51,1,3,3,8/15/2023,125.92,45.23,8,0.06
274,5,4,14,3,1,3,11/8/2023,130.35,43.28,9,0.09
275,3,6,79,3,3,2,10/14/2023,115.1,31.42,8,0.1
276,3,9,98,3,2,3,6/27/2023,85.05,35.46,6,0.15
277,4,2,36,1,3,1,7/4/2023,130.95,19.77,7,0.07
278,4,2,99,2,1,1,3/5/2024,89.68,48.95,4,0.13
279,4,8,93,3,3,1,7/12/2023,71.05,29.51,10,0.19
280,1,2,48,2,1,2,1/5/2024,49.65,14.35,2,0.12
281,4,7,44,1,1,1,3/12/2024,119.89,41.51,3,0.05
282,4,3,23,2,1,2,1/22/2024,81.2,16.53,4,0.08
283,2,2,65,3,3,2,3/6/2024,38.23,20.63,10,0.06
284,3,6,87,1,1,3,12/18/2023,147.64,25.3,4,0.12
285,1,1,54,3,3,1,6/6/2024,42.96,28.95,4,0.18
286,1,8,73,1,1,2,5/9/2024,51.46,35.67,9,0.14
287,3,8,55,1,1,2,9/27/2023,49.21,27.36,2,0.12
288,1,9,60,2,2,1,11/21/2023,97.84,15.73,8,0.15
289,1,9,59,2,1,1,6/7/2024,95.39,49.82,1,0.14
290,3,5,58,1,1,1,5/31/2024,69.87,8.25,7,0.18
291,2,9,30,3,2,2,6/12/2024,45.5,24.21,9,0.07
292,1,4,25,3,1,1,9/8/2023,122.68,19.26,8,0.06
293,4,5,46,2,3,3,2/3/2024,79.13,13.01,6,0.08
294,2,7,64,3,1,3,1/21/2024,40.1,16.18,2,0.08
295,1,2,75,2,3,1,9/16/2023,101.59,41.05,4,0.17
296,2,7,26,3,2,2,5/18/2024,74.24,27.97,8,0.08
297,4,7,68,3,2,2,8/19/2023,58.54,36.17,7,0.08
298,1,5,90,2,2,1,2/26/2024,87.15,6.45,9,0.11
299,3,9,67,1,1,1,7/4/2023,71.39,31.85,10,0.15
300,3,6,31,1,3,3,10/30/2023,42.9,47.41,3,0.18
301,2,8,71,2,1,2,10/8/2023,99.35,20.84,1,0.08
302,2,3,77,1,2,2,12/6/2023,30.47,15.2,10,0.15
303,5,8,74,1,2,1,3/6/2024,111.06,49.71,9,0.12
304,3,7,68,2,3,2,5/26/2024,145.76,13.77,6,0.12
305,2,5,2,1,1,2,6/17/2023,77.48,48.18,4,0.16
306,2,1,51,2,3,1,10/7/2023,118.79,32.07,5,0.17
307,3,6,83,1,3,2,4/4/2024,32.83,30.22,4,0.19
308,5,9,100,1,2,2,6/18/2023,99.25,34.97,3,0.16
309,1,8,65,1,2,2,4/18/2024,66.01,20.8,1,0.18
310,3,5,88,1,3,1,3/9/2024,142.8,39.78,8,0.08
311,3,4,98,3,2,2,3/10/2024,45.26,7.96,7,0.08
312,2,7,79,3,1,1,10/9/2023,84.72,46.61,5,0.1
313,5,5,41,2,2,1,8/12/2023,103.53,15.36,5,0.06
314,5,7,9,1,3,1,8/28/2023,138.91,35.74,8,0.14
315,5,6,56,3,2,2,11/14/2023,83.82,37.14,1,0.13
316,5,8,91,2,3,2,3/26/2024,89.78,40.86,7,0.08
317,4,9,86,2,2,1,12/13/2023,45.75,16.78,3,0.2
318,1,8,47,2,1,2,7/23/2023,45.76,10.28,2,0.05
319,5,8,46,2,3,1,8/29/2023,32.02,38.06,7,0.18
320,4,5,57,2,2,3,2/14/2024,59.31,15.42,4,0.06
321,5,8,8,1,1,1,11/7/2023,116.01,20.34,8,0.19
322,2,2,16,3,3,1,12/11/2023,146.85,35.38,2,0.18
323,1,4,82,2,1,3,3/14/2024,75.99,43.19,1,0.09
324,2,10,12,2,2,3,8/17/2023,70.06,24.8,5,0.09
325,2,3,58,3,3,1,1/5/2024,147.63,28.73,9,0.08
326,2,10,89,1,3,3,12/27/2023,138.74,8.41,10,0.05
327,1,5,40,2,1,3,8/6/2023,140.49,36.68,9,0.12
328,1,8,72,2,3,3,7/16/2023,90.22,25.69,2,0.12
329,3,8,80,1,2,2,1/14/2024,124.24,29,8,0.14
330,4,8,14,1,1,3,9/25/2023,60.34,26.74,2,0.19
331,5,5,10,3,3,1,11/28/2023,115.79,40.86,10,0.07
332,5,3,84,1,3,3,11/20/2023,75.85,35.04,10,0.13
333,1,3,6,3,2,3,10/24/2023,94.95,16.99,6,0.08
334,3,10,74,1,3,1,9/4/2023,69.58,14.32,5,0.18
335,1,2,17,3,3,2,6/1/2024,105.51,42.81,8,0.11
336,5,4,44,3,3,2,10/29/2023,68.7,16.59,10,0.17
337,1,3,19,1,2,1,10/30/2023,79.48,22.39,9,0.15
338,2,2,29,3,1,1,2/11/2024,37.65,33.62,10,0.06
339,3,8,28,3,2,3,5/9/2024,148.46,38.43,9,0.15
340,5,10,51,1,2,2,7/9/2023,61.08,8.63,10,0.06
341,3,5,10,2,3,2,11/16/2023,135.69,16.5,3,0.14
342,4,9,51,3,3,2,7/10/2023,142.56,28.55,4,0.14
343,5,7,26,2,1,2,1/6/2024,98.47,18.86,8,0.09
344,3,7,65,3,3,2,7/20/2023,91.24,27.75,8,0.12
345,4,1,21,1,1,1,10/4/2023,46.04,34.83,8,0.09
346,2,9,16,1,1,2,9/27/2023,74.38,46.52,9,0.1
347,1,10,36,2,3,1,4/18/2024,136.51,20.17,10,0.07
348,1,10,46,3,1,3,6/25/2023,116.43,40.81,10,0.15
349,5,6,88,2,1,1,12/30/2023,80.48,30.05,6,0.16
350,5,1,15,1,3,1,11/16/2023,116.62,11.31,6,0.09
351,3,7,27,3,1,1,8/23/2023,30.18,40.68,9,0.19
352,5,5,72,2,3,1,7/22/2023,140.36,14.79,3,0.16
353,1,3,100,2,3,1,6/2/2024,139.15,33.68,3,0.17
354,3,5,60,2,1,3,5/29/2024,77.69,34.97,7,0.14
355,1,3,30,2,3,2,9/7/2023,57.01,47.59,6,0.14
356,2,8,18,2,2,1,8/30/2023,102.79,26.14,7,0.06
357,4,5,48,1,3,1,11/14/2023,42.73,31.52,1,0.1
358,5,6,94,1,2,2,1/23/2024,42.26,12.89,4,0.12
359,4,9,36,2,2,1,9/16/2023,78.96,12.86,5,0.17
360,5,4,73,3,1,1,12/28/2023,91.12,47.97,10,0.1
361,2,2,21,2,1,3,1/6/2024,114.08,41.06,7,0.17
362,1,5,56,2,3,2,12/22/2023,73.41,44.76,4,0.13
363,5,4,8,3,1,2,11/28/2023,148.56,8.86,1,0.14
364,5,3,10,3,1,2,4/11/2024,83.76,13.41,5,0.09
365,4,9,12,3,2,3,10/25/2023,109.74,7.39,7,0.18
366,5,1,84,3,2,1,12/10/2023,113.92,37.53,6,0.15
367,5,8,7,2,3,3,8/11/2023,141.53,23.62,7,0.16
368,4,7,26,1,3,2,2/15/2024,46.36,6.88,6,0.19
369,3,6,44,1,3,1,12/17/2023,146.94,31.82,5,0.2
370,3,10,91,3,1,1,12/22/2023,142.78,31.93,8,0.08
371,3,10,67,2,1,2,9/12/2023,65.54,36.38,6,0.06
372,1,10,72,1,1,2,8/19/2023,89.82,45.84,3,0.15
373,4,8,38,3,2,3,9/28/2023,87.64,28.79,1,0.16
374,3,8,96,2,1,3,5/1/2024,101.47,39.69,9,0.16
375,5,2,14,1,3,3,7/31/2023,134.2,22.28,2,0.18
376,5,7,81,1,1,2,9/22/2023,105.56,38.59,6,0.1
377,1,5,10,3,2,2,5/6/2024,111.67,10.63,10,0.16
378,3,5,13,3,2,1,1/27/2024,92.93,29.91,8,0.15
379,2,6,2,2,3,1,8/12/2023,93.27,45.03,5,0.11
380,1,5,47,1,1,3,2/8/2024,99.07,22.66,9,0.18
381,2,8,65,2,3,1,5/10/2024,59.8,8.96,10,0.09
382,3,9,1,2,2,1,5/6/2024,58.65,7.97,1,0.14
383,4,2,48,2,3,3,1/4/2024,32.84,35.04,5,0.13
384,2,2,46,3,3,3,3/17/2024,94.4,14.37,5,0.06
385,5,6,14,3,1,2,12/18/2023,119.48,33.82,7,0.19
386,5,6,35,1,3,1,8/12/2023,126.2,10.64,5,0.14
387,5,7,7,2,2,1,9/11/2023,77.46,42.84,9,0.12
388,3,1,70,1,1,2,2/16/2024,86.03,40.41,6,0.15
389,5,2,65,2,3,1,10/15/2023,35.82,26.82,7,0.1
390,3,5,24,1,2,1,10/29/2023,121.1,12.46,8,0.12
391,1,4,65,3,3,3,8/24/2023,80.76,17.25,4,0.17
392,1,10,61,2,2,2,9/22/2023,118.62,18.02,3,0.18
393,3,8,37,1,3,3,8/22/2023,132.54,21.12,2,0.11
394,2,5,32,3,1,3,1/21/2024,44.53,10.58,2,0.07
395,1,2,22,3,3,1,6/11/2024,72.78,13.01,1,0.1
396,3,5,6,2,3,2,7/8/2023,140.37,5.14,3,0.08
397,1,10,38,2,2,2,3/20/2024,97.37,46.18,3,0.16
398,4,1,15,3,3,1,4/3/2024,149.4,21.14,3,0.1
399,1,8,93,2,3,1,7/2/2023,83.77,8.53,8,0.15
400,2,3,19,3,1,1,9/15/2023,75.59,10.33,9,0.12
401,1,5,58,2,1,1,12/7/2023,103.5,28.9,3,0.13
402,4,9,27,3,2,3,8/23/2023,143.73,42.65,6,0.13
403,4,9,36,2,1,2,1/8/2024,38.82,13.4,6,0.05
404,4,9,89,2,3,3,6/23/2023,74.1,35.13,7,0.09
405,4,7,37,1,3,2,11/11/2023,68.98,20.65,7,0.14
406,3,7,76,2,3,1,1/4/2024,140.62,24.97,8,0.06
407,4,5,43,3,2,3,8/18/2023,53.85,33.48,10,0.08
408,3,7,83,3,1,2,2/15/2024,106.92,40.74,7,0.17
409,3,3,85,2,2,3,3/26/2024,44.6,10.39,4,0.06
410,5,1,17,3,3,3,2/27/2024,51.42,11.35,3,0.17
411,5,5,56,1,3,2,8/22/2023,94.06,6.43,8,0.1
412,1,5,89,1,2,2,12/2/2023,32.25,20.18,9,0.12
413,1,1,73,2,3,2,12/2/2023,68.39,45.21,3,0.08
414,1,4,45,2,1,2,3/9/2024,37.21,14.32,9,0.06
415,3,7,5,3,2,2,7/7/2023,65.37,46.43,3,0.08
416,3,4,8,1,2,1,4/17/2024,102.63,38.38,7,0.13
417,4,6,10,3,1,1,9/17/2023,44.96,33.33,8,0.17
418,4,3,93,2,3,2,6/19/2023,73.6,42.62,6,0.16
419,4,6,33,1,1,3,3/31/2024,132.34,12.33,8,0.14
420,2,10,11,3,3,1,6/4/2024,116.27,40.28,1,0.07
421,5,2,74,3,1,1,6/3/2024,141.81,22.46,9,0.14
422,4,10,95,1,2,3,1/6/2024,57.56,31.81,2,0.11
423,2,5,35,3,2,2,9/28/2023,136.14,24.42,5,0.13
424,2,9,57,2,3,1,4/7/2024,33.15,5.69,10,0.06
425,3,4,50,3,2,2,11/19/2023,36.71,44.7,3,0.2
426,4,1,40,2,2,1,7/6/2023,98.77,23.82,10,0.19
427,4,3,96,2,1,1,9/23/2023,149.67,14.76,6,0.16
428,1,3,60,3,1,1,11/1/2023,132.91,46.67,6,0.12
429,5,7,72,2,3,1,2/10/2024,105,15.57,5,0.08
430,5,8,72,1,2,2,9/6/2023,125.96,9.03,3,0.2
431,5,9,85,1,2,2,3/11/2024,35.77,12.05,4,0.16
432,1,10,58,2,2,3,3/12/2024,64.43,47.4,3,0.14
433,2,8,13,1,1,1,8/12/2023,107.96,10.86,1,0.09
434,4,5,85,3,1,3,7/15/2023,58.61,20.68,8,0.08
435,5,5,15,1,1,3,12/4/2023,35.31,15.29,3,0.05
436,2,6,72,1,1,2,12/10/2023,68.9,17.64,7,0.07
437,3,2,42,3,2,3,12/16/2023,147.67,33.34,6,0.1
438,2,8,100,3,1,2,10/27/2023,98.52,48.9,4,0.05
439,2,9,73,1,3,3,6/20/2023,96.46,23.53,5,0.06
440,3,8,78,1,2,2,1/28/2024,69.99,10.61,6,0.16
441,5,8,30,1,1,3,11/29/2023,62.44,39.99,10,0.1
442,2,4,99,2,3,1,2/24/2024,133.11,7.81,4,0.2
443,3,7,32,2,3,3,9/1/2023,123.12,18.58,2,0.1
444,5,7,33,3,1,2,8/29/2023,134.46,25.42,8,0.14
445,5,9,77,2,3,3,4/29/2024,61.43,48.44,6,0.1
446,1,2,1,1,3,3,1/7/2024,74.55,6.88,3,0.17
447,4,10,98,3,3,2,5/16/2024,49.33,8.14,8,0.14
448,3,5,14,2,2,2,3/15/2024,62.87,32.54,7,0.16
449,5,4,8,2,3,3,8/12/2023,114.14,12.96,7,0.12
450,2,3,95,1,1,3,10/3/2023,132.09,36.12,10,0.13
451,3,10,54,3,3,1,12/15/2023,64.72,16.15,4,0.15
452,3,9,90,2,3,3,6/4/2024,79.9,20.76,7,0.06
453,1,3,48,2,2,1,11/1/2023,149.11,6.16,10,0.19
454,2,10,6,1,2,1,2/7/2024,143.78,12.41,2,0.16
455,5,5,23,2,1,1,7/9/2023,36.28,5.62,9,0.18
456,4,3,59,1,3,2,11/28/2023,100.98,33.4,5,0.12
457,2,2,39,3,2,3,5/5/2024,144.03,44.68,1,0.17
458,5,1,19,2,1,2,1/22/2024,34.4,38.18,7,0.17
459,3,4,78,2,3,3,12/5/2023,64.64,20.68,3,0.06
460,1,1,86,2,2,2,9/3/2023,112.53,20.15,3,0.13
461,1,9,72,3,1,3,4/11/2024,65.78,20.08,1,0.17
462,5,8,64,2,1,1,6/30/2023,149.94,44.28,10,0.15
463,3,8,89,3,3,3,11/30/2023,121.3,47.44,1,0.12
464,2,8,92,1,3,3,3/17/2024,35.29,36.9,4,0.05
465,5,5,37,3,2,3,3/24/2024,70.64,22.86,6,0.12
466,5,1,100,2,3,2,9/14/2023,78.43,37.51,5,0.17
467,4,1,59,3,2,3,2/17/2024,81.92,10.23,10,0.13
468,2,8,87,3,2,1,10/2/2023,86.52,37.28,7,0.08
469,1,6,83,2,3,1,5/14/2024,130.54,42.56,9,0.17
470,3,3,35,1,3,2,1/22/2024,49.76,7.95,5,0.12
471,4,8,41,3,2,2,6/1/2024,71.66,17.47,9,0.09
472,2,4,26,2,3,1,3/7/2024,110.05,41.29,10,0.17
473,3,2,69,2,3,2,4/9/2024,145.79,33.42,6,0.08
474,2,10,3,1,2,1,6/4/2024,143.12,23.11,10,0.07
475,5,3,17,1,1,1,5/16/2024,136.24,18.83,10,0.08
476,3,5,94,1,2,1,10/18/2023,51.97,48.85,2,0.13
477,1,1,72,3,3,3,3/14/2024,56.13,19.83,6,0.19
478,1,10,21,1,1,2,5/20/2024,49.96,44.9,10,0.17
479,2,10,31,3,3,1,1/8/2024,71.85,33.48,10,0.07
480,2,6,3,1,2,1,6/7/2024,78.73,43.66,2,0.07
481,2,3,71,1,3,1,11/27/2023,139.59,5.5,6,0.19
482,2,5,93,1,1,2,1/22/2024,86.22,18.92,6,0.05
483,5,5,8,1,2,2,10/25/2023,102.54,19.8,5,0.16
484,1,3,27,1,1,2,1/13/2024,125.6,30.48,4,0.1
485,3,6,23,2,2,1,12/30/2023,77.46,32.29,9,0.07
486,4,1,16,1,3,1,12/24/2023,135.3,16.99,7,0.19
487,4,8,73,2,2,2,9/10/2023,39.76,19.22,7,0.14
488,5,7,41,2,3,3,10/1/2023,53.09,23.31,5,0.13
489,2,3,58,1,3,3,3/28/2024,148.02,35.58,7,0.15
490,5,7,31,1,1,2,10/29/2023,139.57,45.82,10,0.14
491,3,8,87,3,2,3,10/4/2023,133.44,21.12,4,0.06
492,5,3,14,3,2,1,4/5/2024,41.09,33.71,1,0.16
493,1,6,73,3,3,1,12/30/2023,62.68,44.05,3,0.15
494,4,6,20,2,2,3,6/2/2024,87.5,47.88,6,0.16
495,3,6,87,1,3,3,11/11/2023,113.29,24.54,1,0.11
496,1,2,12,2,3,1,9/23/2023,77.53,49.83,2,0.07
497,4,5,96,2,1,1,1/3/2024,37.86,28.82,7,0.06
498,1,6,3,3,1,3,1/11/2024,126.86,24.33,5,0.2
499,2,1,20,1,2,2,12/8/2023,138.13,8.79,10,0.14
500,4,3,35,3,1,1,5/8/2024,107.39,18.19,3,0.17
501,1,4,63,3,2,1,10/8/2023,139.2,49.48,4,0.12
502,4,1,89,3,3,2,12/3/2023,122.14,20.99,7,0.19
503,5,1,40,3,1,3,3/24/2024,94.72,43.07,9,0.15
504,4,3,84,1,3,1,10/5/2023,64.99,16.55,3,0.07
505,5,9,77,2,3,2,7/29/2023,42.03,41.99,10,0.13
506,4,5,98,1,3,3,11/23/2023,124.46,38.51,10,0.15
507,5,1,39,2,2,1,5/7/2024,77.56,40.33,7,0.06
508,2,10,97,1,3,2,4/19/2024,55.13,11.93,3,0.09
509,5,7,25,1,2,3,6/15/2024,37.74,9.58,8,0.06
510,3,4,88,3,1,2,1/22/2024,36.51,49.2,6,0.12
511,2,3,96,1,3,1,1/18/2024,91.18,27.99,3,0.14
512,1,1,6,1,3,2,9/25/2023,91.92,6.43,5,0.12
513,3,3,97,3,2,2,6/6/2024,119.92,18.58,9,0.13
514,4,8,87,2,1,3,3/12/2024,38.71,47.91,10,0.17
515,3,10,19,2,1,1,4/1/2024,77.55,40.42,10,0.19
516,2,5,5,3,2,1,10/12/2023,46.53,19.19,9,0.16
517,4,9,7,2,3,3,2/25/2024,38.32,28.42,7,0.12
518,1,8,24,1,3,1,10/25/2023,136.79,36.93,6,0.12
519,4,2,6,3,2,2,4/17/2024,53.03,10.64,8,0.08
520,2,2,64,1,1,3,12/11/2023,123.53,42.89,5,0.18
521,1,8,97,1,2,3,10/20/2023,87.03,49.68,9,0.08
522,1,2,69,1,3,3,5/21/2024,75.49,35.36,3,0.14
523,3,9,7,3,3,1,8/19/2023,133.47,11.84,10,0.17
524,5,6,71,3,2,2,1/18/2024,96.93,6.21,10,0.07
525,5,9,47,2,3,1,6/15/2024,133.61,39.28,3,0.1
526,5,5,71,2,3,3,6/8/2024,51.54,43.42,6,0.15
527,4,6,8,2,2,2,10/25/2023,114.78,39.8,1,0.13
528,1,8,70,2,2,2,7/6/2023,140.75,8.1,1,0.14
529,4,4,45,2,1,1,1/24/2024,46.46,19.45,4,0.16
530,4,4,56,2,1,2,7/16/2023,59.3,5.45,8,0.17
531,2,4,31,2,3,2,1/26/2024,91.46,9.68,8,0.15
532,3,3,95,1,2,2,4/20/2024,130.62,19.66,9,0.1
533,2,8,62,2,3,3,5/12/2024,49.05,18.54,3,0.08
534,2,3,3,2,3,3,10/20/2023,145.84,26.43,5,0.18
535,2,4,76,1,3,3,2/4/2024,80.59,26.48,9,0.07
536,2,4,65,2,1,2,7/31/2023,78.37,27.17,1,0.07
537,1,10,61,3,1,3,9/3/2023,134.82,42.81,10,0.09
538,3,3,50,1,2,1,1/21/2024,34.58,48.64,1,0.09
539,3,9,72,3,2,3,11/4/2023,72.59,26.84,10,0.08
540,4,4,70,2,3,2,7/15/2023,34.5,13.63,8,0.18
541,5,2,92,2,2,2,7/12/2023,125.11,13.86,9,0.06
542,2,8,52,3,2,1,2/11/2024,120.67,28.24,8,0.19
543,4,1,17,1,1,1,6/2/2024,95.23,8.23,8,0.15
544,4,7,41,2,1,1,10/25/2023,50.3,16.58,4,0.12
545,1,8,38,2,2,3,1/1/2024,109.21,46.09,10,0.17
546,2,7,57,2,3,1,1/18/2024,92.5,18.36,2,0.11
547,1,1,43,1,2,2,1/6/2024,33.24,33.95,1,0.15
548,3,4,17,1,2,3,6/22/2023,64.51,21.53,4,0.17
549,1,8,69,3,1,3,7/17/2023,69.44,38.19,1,0.08
550,1,5,37,1,1,1,11/1/2023,118.31,6.15,6,0.15
551,5,3,67,1,1,2,5/27/2024,67.8,7.25,6,0.05
552,2,1,87,3,1,2,1/1/2024,48.38,35.52,9,0.07
553,3,1,76,2,1,3,1/9/2024,125.09,6.79,5,0.1
554,1,9,66,1,2,2,3/24/2024,53.94,8.55,1,0.1
555,5,5,71,3,2,1,3/30/2024,140.09,48.68,10,0.12
556,5,5,84,1,1,2,6/19/2023,117.53,37.41,6,0.1
557,1,2,51,2,1,1,7/2/2023,62.73,22.27,5,0.17
558,2,3,83,3,3,2,9/18/2023,73.45,43.16,3,0.11
559,2,3,83,2,1,2,1/22/2024,44.08,21.61,1,0.13
560,3,3,73,2,2,2,8/17/2023,82.53,11.96,2,0.13
561,5,3,34,3,1,3,10/13/2023,57.65,7.26,1,0.17
562,5,10,28,3,1,3,9/7/2023,149.11,36.92,2,0.08
563,5,8,78,1,1,3,3/13/2024,138.49,5.27,10,0.05
564,2,7,81,1,1,2,11/6/2023,108.03,48.73,9,0.13
565,2,6,9,3,1,2,9/11/2023,132.99,11.67,8,0.1
566,4,2,65,1,3,2,10/11/2023,118.54,36.37,5,0.12
567,4,3,87,3,3,2,7/12/2023,98.71,36.5,8,0.12
568,3,7,54,1,1,3,6/21/2023,89.35,23.32,2,0.13
569,1,9,15,2,3,1,3/24/2024,123.66,5.23,6,0.09
570,5,1,2,1,3,1,8/23/2023,30.95,6.56,4,0.08
571,4,9,61,1,2,1,5/10/2024,119.74,17.54,5,0.08
572,3,10,71,1,1,3,2/19/2024,102.05,13.03,8,0.12
573,3,5,76,1,3,2,3/1/2024,74.1,20.94,6,0.16
574,1,5,18,2,3,2,11/1/2023,47.81,41,5,0.08
575,4,8,94,2,2,2,9/10/2023,146.32,48.27,1,0.12
576,1,7,87,3,3,2,8/12/2023,100.82,16.97,1,0.12
577,1,3,39,1,2,3,8/30/2023,50.29,9.8,2,0.08
578,2,1,12,1,2,2,12/19/2023,108.25,15,8,0.07
579,2,5,73,1,1,1,9/25/2023,57.02,6.3,2,0.05
580,3,1,3,3,2,1,2/22/2024,107.81,44.85,9,0.18
581,1,5,87,2,3,3,10/24/2023,141.28,33.94,2,0.07
582,3,9,36,1,1,2,11/14/2023,72.58,14.81,4,0.13
583,2,10,53,3,2,2,11/13/2023,125.55,6.34,1,0.16
584,2,10,13,2,2,1,3/16/2024,96.94,29.16,2,0.16
585,5,7,34,3,3,2,6/29/2023,54.66,26.6,3,0.11
586,3,10,37,3,2,2,12/8/2023,49.69,41.28,2,0.17
587,5,8,44,3,1,2,10/13/2023,141.46,26.52,9,0.09
588,1,2,85,1,1,2,12/14/2023,69.52,22.43,7,0.13
589,5,5,4,2,1,2,12/30/2023,41.71,6.06,4,0.14
590,1,7,91,2,2,1,12/8/2023,133.77,38.69,10,0.14
591,5,10,3,2,1,2,6/24/2023,109.15,39.01,9,0.16
592,5,7,99,2,3,1,5/22/2024,111.91,15.02,4,0.15
593,5,6,10,3,3,1,3/8/2024,63.85,28.64,4,0.1
594,4,4,35,3,2,3,11/23/2023,40.4,27.82,4,0.17
595,3,8,35,3,2,1,4/20/2024,80.13,39.11,5,0.09
596,3,8,82,1,2,2,12/21/2023,96.01,16.07,6,0.11
597,1,10,87,2,1,2,12/5/2023,147.28,47.41,2,0.15
598,3,9,75,3,3,2,10/21/2023,38.89,38.72,1,0.15
599,1,1,2,1,1,3,10/16/2023,102.85,33.11,9,0.12
600,1,9,66,3,3,3,8/3/2023,34.67,7.38,1,0.14
601,4,1,90,1,1,1,9/22/2023,42.96,8.79,6,0.1
602,5,5,46,1,3,1,5/6/2024,35.24,17.86,7,0.12
603,2,9,17,1,2,1,1/13/2024,69.58,6.33,2,0.1
604,3,7,21,3,1,2,9/23/2023,102.56,9.3,8,0.17
605,2,1,83,1,2,2,9/10/2023,35.85,24.62,4,0.12
606,3,7,100,3,2,3,11/1/2023,120.83,32.2,5,0.15
607,3,6,76,1,2,2,3/29/2024,71.48,20.09,7,0.08
608,1,7,93,2,1,2,2/1/2024,30.63,15.32,4,0.18
609,2,2,72,1,2,2,12/3/2023,71.71,30.71,9,0.07
610,3,10,13,3,2,1,2/28/2024,115.79,17.77,5,0.14
611,3,1,91,3,3,1,8/25/2023,149.77,9.66,7,0.1
612,4,5,91,1,2,1,5/20/2024,143.59,46.73,1,0.06
613,3,8,74,1,2,3,9/13/2023,105.77,44.83,5,0.06
614,5,9,73,2,1,2,7/2/2023,54.76,19.24,4,0.08
615,2,9,18,1,2,2,12/24/2023,115.79,33.08,1,0.13
616,5,1,71,1,2,1,10/9/2023,138.21,27.74,5,0.15
617,5,8,36,2,2,2,3/26/2024,45.17,40.51,9,0.08
618,5,3,76,1,3,3,5/3/2024,79.74,9.8,2,0.08
619,3,6,26,1,2,1,7/5/2023,66.55,45.25,5,0.07
620,4,7,75,1,3,3,1/4/2024,63.64,36.37,2,0.16
621,1,9,86,2,3,2,12/30/2023,88.54,13.18,9,0.08
622,2,7,98,2,1,2,1/6/2024,102.42,8.68,4,0.09
623,1,2,58,3,3,2,1/10/2024,55.84,45.66,10,0.17
624,1,3,100,2,2,3,4/21/2024,40.11,23.71,10,0.08
625,2,2,32,2,2,2,5/29/2024,115.22,33.7,10,0.16
626,5,10,17,2,1,1,3/21/2024,120.36,9.95,1,0.06
627,3,9,25,2,1,3,2/21/2024,53.2,27.39,6,0.1
628,1,9,15,1,2,2,1/15/2024,73.21,15.75,8,0.05
629,5,10,10,3,1,2,9/16/2023,31.8,21.17,9,0.11
630,4,5,53,2,2,1,3/8/2024,65.96,43.74,8,0.06
631,5,6,3,1,3,2,1/28/2024,34.18,43.19,9,0.06
632,5,3,91,2,1,3,11/20/2023,67.72,46.7,2,0.15
633,2,3,60,1,2,2,6/17/2023,54.81,12.55,7,0.16
634,4,6,22,3,1,2,1/25/2024,44.68,34.86,10,0.1
635,1,8,59,1,1,3,4/12/2024,112.36,46.42,1,0.14
636,4,3,46,3,2,2,2/1/2024,69.28,35.72,3,0.2
637,4,8,80,1,3,1,12/10/2023,109.18,23.85,7,0.09
638,5,8,74,3,2,1,11/28/2023,98.14,40.9,7,0.07
639,3,1,67,1,2,3,9/17/2023,81.31,31.57,4,0.05
640,3,3,89,3,2,3,11/23/2023,139.16,13.52,7,0.19
641,4,4,2,2,1,1,9/26/2023,75.82,47.23,6,0.15
642,5,10,17,2,3,1,11/1/2023,132.15,15.46,7,0.12
643,5,6,25,1,2,2,8/28/2023,133.15,7.84,6,0.15
644,4,5,97,1,1,1,10/6/2023,104.24,29.39,7,0.08
645,5,8,68,3,3,2,7/19/2023,62.03,45.51,8,0.09
646,2,5,67,2,2,2,4/15/2024,85.09,41.26,2,0.13
647,2,5,49,2,2,2,9/10/2023,49.22,7.31,4,0.16
648,1,4,20,3,2,1,12/11/2023,83.67,10.1,5,0.13
649,3,5,29,3,1,2,1/11/2024,60.85,42.16,10,0.11
650,1,7,40,3,1,2,10/22/2023,96.85,38.65,7,0.17
651,1,9,26,2,1,3,8/1/2023,113.05,47.32,2,0.15
652,5,6,69,3,3,3,3/21/2024,114.31,26.97,2,0.06
653,1,6,20,1,1,3,2/12/2024,34.57,34.37,10,0.15
654,3,2,52,1,1,1,4/24/2024,137.03,32.74,9,0.13
655,5,2,90,1,3,1,12/23/2023,129.95,19.84,9,0.1
656,5,2,64,2,1,2,2/28/2024,71.71,9.31,5,0.08
657,2,2,94,3,3,3,3/21/2024,52.49,27.81,10,0.12
658,4,4,92,3,3,1,10/12/2023,92.05,28.69,10,0.05
659,5,5,85,1,2,2,7/9/2023,99.45,5.48,6,0.05
660,3,9,86,3,2,3,6/9/2024,64.14,14.1,7,0.05
661,2,4,8,1,2,2,2/14/2024,135.92,28.6,1,0.06
662,2,3,11,1,3,1,10/5/2023,41.47,6.25,9,0.08
663,1,1,84,2,3,3,3/21/2024,85.66,35.49,8,0.16
664,4,1,79,2,2,3,4/1/2024,94.96,7.07,3,0.09
665,1,9,26,1,1,2,10/21/2023,48.8,11.58,2,0.2
666,5,6,37,3,3,1,10/15/2023,93.7,5.88,7,0.08
667,5,7,61,1,1,1,11/20/2023,89.89,49.37,5,0.12
668,1,9,54,3,2,1,3/9/2024,84.19,10.63,8,0.16
669,4,8,18,2,1,2,1/7/2024,145.48,8.09,6,0.08
670,4,4,18,2,3,1,1/1/2024,145.16,20.32,5,0.13
671,1,9,31,1,1,1,5/27/2024,116.12,39.3,9,0.18
672,2,5,98,2,2,1,10/17/2023,113.95,21.18,10,0.12
673,4,6,30,1,3,1,7/25/2023,47.02,37.56,1,0.17
674,1,9,7,1,3,1,3/3/2024,127.88,39.81,8,0.13
675,3,8,62,3,2,3,3/22/2024,139.35,28.94,5,0.08
676,4,3,78,3,3,2,11/26/2023,43.73,24.62,10,0.18
677,4,5,76,3,1,2,7/6/2023,61.9,13.52,2,0.1
678,3,2,15,1,3,2,1/29/2024,34.35,42.2,1,0.05
679,3,3,79,1,2,3,8/12/2023,51.01,14.76,10,0.14
680,3,2,62,2,2,2,8/14/2023,107.35,47.87,6,0.17
681,5,10,28,1,1,3,3/12/2024,100.51,32.34,4,0.08
682,3,8,61,3,3,2,12/16/2023,102.46,10.59,1,0.19
683,5,5,81,1,1,1,5/31/2024,126.06,29.18,7,0.17
684,5,9,32,3,3,2,8/20/2023,126.43,15.75,3,0.18
685,2,6,54,2,3,2,3/12/2024,57.51,33.68,8,0.12
686,1,5,89,3,2,3,1/1/2024,118.69,40.09,8,0.08
687,1,9,48,2,2,1,7/6/2023,136.58,42.81,2,0.07
688,4,6,61,1,2,1,8/22/2023,124.81,8.79,9,0.15
689,4,3,34,3,2,1,4/20/2024,88.88,27.1,2,0.17
690,2,6,51,2,2,3,9/2/2023,85.5,15.18,2,0.19
691,4,7,57,1,2,3,10/13/2023,113.87,28.77,3,0.17
692,5,4,20,3,1,1,2/6/2024,56.29,23.95,3,0.19
693,4,6,65,1,1,3,4/7/2024,59.33,12.82,7,0.14
694,1,10,89,2,3,3,10/29/2023,98.8,8.33,9,0.11
695,1,1,87,2,2,3,12/13/2023,97.64,33.05,3,0.12
696,3,3,61,1,2,1,12/4/2023,38.13,20.96,1,0.12
697,5,9,28,1,2,2,6/11/2024,140.03,9.51,9,0.06
698,4,4,41,1,3,2,4/29/2024,139.11,46.87,4,0.05
699,2,3,41,1,3,3,3/6/2024,45.33,28.22,9,0.18
700,2,4,53,3,1,2,5/7/2024,123.33,34.62,9,0.05
701,2,7,57,3,3,1,10/21/2023,80.01,46.82,2,0.1
702,5,4,42,3,3,1,12/28/2023,101.18,5.95,7,0.06
703,5,4,24,2,1,3,11/11/2023,66.91,22.24,7,0.13
704,4,8,79,2,2,3,9/30/2023,126.84,32.82,7,0.07
705,1,9,21,2,2,3,9/28/2023,64.2,16.76,9,0.07
706,5,10,61,2,2,1,8/21/2023,51.57,6.41,2,0.07
707,3,7,69,3,3,2,6/23/2023,135.59,29.83,10,0.11
708,1,6,14,1,3,2,8/28/2023,68.18,25.11,1,0.18
709,2,7,23,2,1,3,4/2/2024,89.9,8.98,3,0.18
710,2,9,52,2,2,1,11/19/2023,53.53,46.56,8,0.1
711,2,9,44,1,1,2,10/16/2023,109.11,33.88,4,0.08
712,5,6,70,2,1,2,1/7/2024,103.72,33.63,3,0.15
713,3,4,85,3,3,1,4/4/2024,133.95,34.51,9,0.08
714,5,7,92,3,2,3,2/25/2024,54.03,29.67,10,0.14
715,1,10,98,3,3,1,10/25/2023,81.95,13.28,10,0.11
716,1,6,75,2,2,3,3/31/2024,42.23,11.08,7,0.09
717,2,10,68,1,1,3,6/17/2023,58.01,28.02,7,0.15
718,4,6,89,2,1,2,6/21/2023,138.63,29.6,8,0.05
719,1,5,36,2,2,3,8/8/2023,94.39,23.57,3,0.14
720,4,1,42,3,2,3,7/9/2023,64.67,28.09,5,0.14
721,4,8,59,1,1,3,3/23/2024,125.6,9.59,6,0.08
722,2,1,15,3,3,3,12/20/2023,84.48,30.42,4,0.07
723,2,2,39,3,3,3,8/8/2023,125.17,37.06,3,0.18
724,3,7,47,3,1,1,9/25/2023,143.73,19.51,4,0.14
725,5,5,72,3,2,2,10/12/2023,75.06,11.24,6,0.19
726,2,5,51,3,1,2,3/16/2024,57.69,9.2,2,0.13
727,4,7,15,2,1,3,10/1/2023,108.77,38.13,5,0.11
728,1,1,41,2,2,1,1/9/2024,39.62,35.52,9,0.2
729,4,8,62,3,2,3,4/1/2024,88.59,24.06,9,0.18
730,4,1,71,2,2,2,11/3/2023,41.69,33.02,3,0.14
731,2,2,62,1,1,1,2/3/2024,59.39,7.41,6,0.19
732,2,1,93,3,3,1,11/27/2023,41,46.07,5,0.2
733,5,6,51,2,3,2,7/24/2023,49.04,29.9,8,0.13
734,5,10,53,3,3,1,3/16/2024,148.27,14.04,2,0.12
735,1,9,56,1,3,2,1/19/2024,113.08,18.09,5,0.06
736,3,8,87,2,1,1,10/4/2023,85.92,36.96,7,0.12
737,3,6,76,1,1,3,2/26/2024,103.21,40.84,1,0.19
738,1,6,45,1,3,3,2/12/2024,128.29,39.41,9,0.2
739,4,10,16,1,2,3,9/11/2023,125.93,45.57,3,0.11
740,5,5,71,2,1,2,6/28/2023,55.43,36.37,8,0.18
741,5,1,86,2,1,1,5/3/2024,58.32,15.06,1,0.1
742,5,2,88,3,2,3,8/1/2023,80.25,9.29,2,0.16
743,4,3,1,3,1,3,2/4/2024,125.71,28.56,10,0.08
744,4,9,27,3,3,3,8/12/2023,99.37,12.41,2,0.17
745,2,7,51,3,3,1,3/2/2024,38.9,45.57,6,0.17
746,3,8,99,3,2,1,6/3/2024,67.49,6.68,5,0.15
747,4,1,2,3,3,2,3/1/2024,112.08,34.24,6,0.08
748,1,10,49,2,3,3,6/8/2024,33.8,38.65,6,0.06
749,1,1,10,2,3,2,11/3/2023,64.8,11.35,6,0.07
750,3,3,95,1,2,3,4/3/2024,78.88,41.19,8,0.16
751,2,10,66,3,3,1,11/23/2023,123.16,38.56,7,0.12
752,4,6,13,2,2,3,9/8/2023,55.89,46.39,4,0.19
753,5,2,72,1,2,3,10/15/2023,131.5,14.88,2,0.14
754,4,7,87,2,2,3,2/5/2024,36.86,15.74,10,0.1
755,5,9,9,3,3,1,4/19/2024,38.41,45.35,2,0.15
756,5,3,58,3,2,1,10/14/2023,84.38,39.78,3,0.08
757,1,5,66,1,1,3,5/3/2024,80.27,9.02,1,0.12
758,5,9,73,3,2,1,5/5/2024,36.64,24.48,7,0.1
759,5,8,31,1,2,2,7/20/2023,90.96,22.34,10,0.19
760,1,7,27,3,1,1,7/2/2023,116.83,47.87,6,0.14
761,5,8,72,1,1,1,2/19/2024,123.82,13.75,5,0.08
762,4,2,94,1,3,2,1/13/2024,149.08,19.46,4,0.09
763,1,3,95,2,2,1,6/13/2024,131.78,8.41,7,0.13
764,3,5,66,1,2,2,11/23/2023,120.86,25.93,6,0.1
765,3,4,31,1,1,2,6/10/2024,115.08,18.68,9,0.13
766,5,4,99,3,1,2,3/23/2024,112.79,45.71,2,0.12
767,2,9,94,2,3,1,12/14/2023,126.18,46.48,4,0.19
768,4,1,96,2,3,1,10/27/2023,66.77,29.25,5,0.16
769,2,2,22,1,3,2,10/9/2023,53.02,25.07,10,0.14
770,3,9,23,1,1,3,10/31/2023,38.11,39.01,1,0.12
771,1,4,60,3,3,3,11/10/2023,92.84,18.31,10,0.08
772,1,3,21,3,3,1,12/4/2023,62.42,20.12,9,0.07
773,1,9,91,1,2,3,7/27/2023,109.74,43.79,1,0.06
774,3,3,65,1,3,1,2/21/2024,44.51,31.54,7,0.16
775,2,6,13,1,3,3,3/20/2024,106.12,43.75,2,0.09
776,5,6,86,3,2,1,7/25/2023,122.35,28.53,10,0.11
777,2,3,13,3,1,2,9/12/2023,139.11,6.69,9,0.07
778,4,5,59,2,1,3,12/23/2023,108.97,30.89,6,0.12
779,5,2,43,2,3,1,11/21/2023,60.29,32.66,5,0.15
780,1,5,10,3,1,2,4/14/2024,108.7,42.06,10,0.07
781,1,3,62,2,2,2,9/22/2023,90.23,17.49,10,0.13
782,3,4,41,3,3,1,4/9/2024,109.42,26.73,4,0.05
783,4,9,20,3,1,3,9/13/2023,69.97,39.72,2,0.19
784,3,10,65,2,3,3,4/27/2024,39.58,38.55,7,0.13
785,4,4,40,1,2,2,1/16/2024,56.24,12.03,9,0.08
786,5,3,100,2,3,2,12/1/2023,85.34,42.82,9,0.18
787,2,6,50,2,1,3,8/12/2023,33.37,28.78,6,0.11
788,3,10,73,3,2,2,12/22/2023,125.27,27.14,2,0.17
789,3,9,96,2,2,1,8/11/2023,114.16,14.68,7,0.17
790,2,9,59,1,3,2,3/8/2024,40.17,27.19,10,0.13
791,1,8,66,2,1,1,12/15/2023,53.16,41.49,1,0.1
792,1,10,15,2,2,2,4/16/2024,47.53,46.31,2,0.18
793,5,9,57,1,2,1,3/18/2024,85.55,37.92,1,0.06
794,2,10,34,2,2,3,9/2/2023,112.99,46.51,3,0.15
795,3,8,64,1,3,3,7/11/2023,113.43,8.47,5,0.17
796,4,7,17,3,2,1,3/15/2024,85.82,37.41,2,0.07
797,1,2,56,1,2,1,10/13/2023,81.83,39.03,2,0.07
798,3,5,33,1,1,1,10/17/2023,124.87,33.61,4,0.2
799,3,2,72,1,1,2,4/7/2024,33.16,41.33,1,0.09
800,5,1,49,3,2,1,1/18/2024,69.3,23.24,3,0.1
801,4,9,87,2,3,3,1/17/2024,51.52,10.43,9,0.1
802,3,4,39,1,2,1,1/14/2024,34.6,14.87,4,0.17
803,1,2,56,2,1,1,1/6/2024,126.93,10.02,5,0.15
804,1,3,61,2,3,3,1/17/2024,66.95,21.2,4,0.06
805,2,3,32,3,2,1,4/4/2024,111.8,10.71,1,0.05
806,2,8,37,2,1,3,8/27/2023,42.2,11.74,10,0.13
807,1,8,92,1,1,3,4/12/2024,86.87,28.31,5,0.08
808,4,1,40,2,1,2,8/3/2023,103.29,7.92,1,0.07
809,3,8,65,2,1,1,5/12/2024,70.94,40.28,6,0.12
810,5,6,81,1,2,1,5/3/2024,88.41,35.95,10,0.08
811,5,9,50,1,1,3,12/23/2023,131.04,20.42,9,0.19
812,1,7,19,1,3,1,10/6/2023,53.77,18.63,1,0.17
813,3,3,43,1,2,2,3/20/2024,75.99,45.07,1,0.1
814,4,7,24,2,1,1,2/6/2024,145.37,9.22,2,0.07
815,2,7,62,1,1,1,7/30/2023,32.73,22.92,9,0.09
816,5,9,38,3,2,2,7/13/2023,80.42,30.36,10,0.15
817,2,10,68,3,1,2,1/31/2024,109.86,31.33,6,0.09
818,4,3,64,1,2,2,6/25/2023,56.72,35.64,1,0.07
819,5,8,56,1,2,2,9/19/2023,98.03,13.75,1,0.06
820,3,5,48,2,3,2,9/24/2023,131.75,7.18,5,0.09
821,4,3,72,1,1,1,9/22/2023,144.59,28.92,8,0.17
822,1,8,43,1,2,1,5/26/2024,74.35,34.92,7,0.12
823,3,7,23,1,2,2,7/4/2023,99.78,20.63,4,0.2
824,2,4,57,2,3,1,9/22/2023,30.59,32.45,6,0.15
825,1,8,97,1,1,3,6/10/2024,80.57,43.72,4,0.12
826,5,7,38,2,3,2,7/4/2023,73.75,18.67,3,0.08
827,1,8,53,1,2,3,11/8/2023,55.9,37.31,9,0.15
828,4,8,95,2,1,1,7/24/2023,128.02,20.86,5,0.15
829,4,4,91,2,2,2,5/12/2024,49.87,10.08,5,0.14
830,2,7,3,1,3,1,11/6/2023,86.79,49.15,5,0.16
831,5,5,94,3,2,1,2/16/2024,82.05,29.9,8,0.19
832,1,4,76,1,2,1,4/4/2024,100.56,25.16,6,0.09
833,4,4,39,2,3,3,10/4/2023,36.61,49.98,1,0.15
834,1,7,73,1,3,2,2/13/2024,137.52,48.07,2,0.08
835,4,5,24,1,2,1,11/4/2023,61.33,16.59,5,0.05
836,2,1,19,3,3,3,9/24/2023,46.99,19.85,3,0.13
837,4,6,10,2,3,3,12/30/2023,36.59,32.49,10,0.1
838,3,6,95,3,3,1,9/21/2023,51.89,20.72,2,0.14
839,3,2,44,2,3,3,6/16/2024,147.71,34.57,5,0.06
840,4,5,75,3,1,1,1/18/2024,90.64,28.53,2,0.16
841,1,6,26,2,2,1,8/3/2023,140.23,35.19,7,0.17
842,3,9,97,2,2,1,12/24/2023,87.78,48.57,10,0.15
843,2,9,30,2,2,3,6/13/2024,41.85,7.67,8,0.12
844,3,2,47,1,2,3,12/12/2023,65.24,49.83,7,0.13
845,5,1,31,2,2,2,10/22/2023,126.54,15.95,4,0.17
846,1,6,67,3,3,1,6/16/2024,115.72,23,2,0.17
847,4,2,50,2,3,3,8/10/2023,147.51,28.85,1,0.14
848,2,8,1,3,3,2,11/7/2023,50.95,22.37,9,0.13
849,4,1,93,3,2,3,1/1/2024,70.35,27.31,7,0.18
850,3,8,24,2,3,3,12/14/2023,102.13,23.11,4,0.1
851,1,6,18,2,2,1,4/23/2024,128.74,8.37,4,0.11
852,3,9,77,2,1,1,1/25/2024,70.06,21.78,4,0.17
853,1,1,34,3,2,1,5/5/2024,136.34,49.96,2,0.16
854,5,4,79,2,2,2,8/29/2023,50.47,6.35,9,0.17
855,3,5,39,2,3,3,6/27/2023,38.04,45.01,6,0.05
856,5,2,59,2,1,1,2/8/2024,44.59,22.55,8,0.16
857,1,2,4,2,1,2,10/1/2023,142.44,5.48,10,0.1
858,3,1,22,3,2,3,9/27/2023,124.49,27,1,0.19
859,5,8,44,3,3,1,3/22/2024,33.38,39.22,5,0.09
860,5,8,55,3,1,3,5/22/2024,51.18,28.32,3,0.17
861,1,4,10,1,1,2,4/28/2024,36.79,31.11,1,0.16
862,3,5,10,3,3,1,9/10/2023,114.01,29.09,8,0.07
863,5,1,93,1,1,1,10/17/2023,142.38,40.2,5,0.16
864,5,7,48,1,1,2,1/29/2024,117.72,37.73,4,0.15
865,2,7,7,2,2,3,11/18/2023,106.43,18.36,8,0.1
866,4,3,23,1,3,2,1/11/2024,124.69,29.36,7,0.12
867,4,5,13,2,2,3,10/9/2023,75.68,33.39,10,0.12
868,1,4,19,2,2,2,3/15/2024,55.49,13.1,3,0.17
869,1,2,59,3,2,1,8/3/2023,112.94,43.33,1,0.2
870,1,10,86,3,1,3,8/30/2023,47.73,37.95,3,0.07
871,4,7,25,1,1,2,2/16/2024,92.32,36.38,10,0.17
872,2,5,98,1,1,2,10/8/2023,137.05,27.66,10,0.12
873,3,10,62,1,1,2,9/27/2023,105.24,46.14,7,0.17
874,3,10,3,3,1,3,8/25/2023,85.55,16.3,5,0.13
875,1,4,5,2,1,1,10/26/2023,37.48,49.55,8,0.12
876,5,2,16,3,1,3,10/7/2023,136.79,45.01,5,0.15
877,5,1,71,1,3,3,7/7/2023,66.04,28.88,2,0.1
878,4,8,48,1,3,2,6/29/2023,57.87,48.63,10,0.16
879,3,1,9,1,1,1,4/12/2024,79.3,33.1,1,0.09
880,3,8,31,2,1,1,8/7/2023,75.86,45.47,10,0.18
881,3,8,43,2,2,2,9/29/2023,139.63,47.93,1,0.17
882,1,9,51,1,1,1,12/8/2023,106.29,48.86,8,0.08
883,5,4,77,1,1,3,3/6/2024,94.06,16.14,3,0.16
884,5,3,66,3,1,1,10/22/2023,44.24,22.12,1,0.1
885,3,4,52,1,3,1,12/17/2023,134.25,11.56,2,0.16
886,5,3,30,3,1,1,1/20/2024,100.26,42.07,10,0.06
887,3,6,23,1,2,2,4/28/2024,100.12,15.74,9,0.16
888,4,3,57,3,3,2,12/7/2023,71.17,47.7,5,0.12
889,5,1,82,3,2,3,2/23/2024,139.83,34.82,9,0.1
890,4,8,41,1,2,2,1/8/2024,109.63,17.34,1,0.06
891,3,6,91,3,2,3,7/25/2023,36.23,15.87,3,0.06
892,4,7,63,2,1,2,7/8/2023,86.15,44.84,4,0.2
893,4,9,63,1,3,1,10/1/2023,71.86,34.2,4,0.14
894,2,6,58,1,2,3,9/28/2023,49.35,40.93,10,0.16
895,2,9,38,3,3,2,12/28/2023,99.01,44.52,10,0.06
896,4,1,32,1,3,2,12/20/2023,81.72,38.86,1,0.05
897,5,4,62,2,2,2,10/5/2023,81.05,26.06,2,0.1
898,5,9,11,1,1,2,2/1/2024,72.07,44.55,9,0.09
899,4,3,5,2,1,3,12/4/2023,43.87,23.62,7,0.18
900,3,1,68,2,3,1,4/16/2024,61.46,18.3,4,0.18
901,5,7,58,3,2,2,11/20/2023,143.87,34.17,8,0.06
902,3,5,49,3,3,2,4/3/2024,116.49,12.77,9,0.14
903,1,1,91,2,1,3,7/3/2023,90.21,16.69,1,0.1
904,5,2,16,1,1,3,2/20/2024,135.02,38.77,6,0.11
905,4,2,33,3,3,2,4/22/2024,37.28,49.07,9,0.09
906,5,10,36,2,3,2,11/22/2023,61.28,33.42,2,0.18
907,3,8,32,2,1,3,4/5/2024,125.44,16.32,8,0.12
908,5,10,28,1,2,1,11/24/2023,45.43,42.11,3,0.17
909,3,3,30,2,1,1,9/8/2023,33.09,46.32,4,0.12
910,4,7,25,3,2,1,3/13/2024,67.03,9.67,3,0.17
911,2,6,67,1,2,1,8/24/2023,43.63,29.41,2,0.16
912,2,5,70,2,3,2,7/25/2023,146.18,30.64,5,0.12
913,1,3,67,2,3,3,4/13/2024,73.27,8.95,10,0.07
914,5,9,69,1,2,2,9/20/2023,36.78,15.49,4,0.2
915,5,8,54,1,2,3,11/24/2023,80.09,27.19,4,0.18
916,5,4,70,3,2,2,5/15/2024,55.83,8.68,4,0.12
917,4,10,11,2,3,1,2/23/2024,129.58,27.86,1,0.15
918,3,4,65,2,3,2,10/19/2023,119.16,39.02,7,0.11
919,5,1,8,1,2,3,1/22/2024,113.11,27.36,1,0.15
920,2,2,23,2,2,3,11/12/2023,109.17,14.3,2,0.07
921,4,9,96,3,3,1,4/8/2024,132.76,18.49,1,0.18
922,2,8,58,3,3,1,4/12/2024,36.37,27.71,6,0.15
923,1,2,51,3,3,2,4/12/2024,59.05,16.99,4,0.13
924,3,1,40,1,3,3,2/18/2024,112.09,40.51,10,0.11
925,5,4,50,2,2,3,4/28/2024,64.99,6.2,1,0.16
926,2,5,7,2,1,2,11/4/2023,32.53,49.3,10,0.07
927,3,7,52,2,3,2,7/9/2023,98.59,47.48,4,0.17
928,1,9,13,1,1,2,8/4/2023,132.67,34.54,8,0.18
929,5,7,96,3,1,2,6/22/2023,37.08,11.18,9,0.16
930,5,1,32,2,3,3,8/6/2023,80.19,40.52,4,0.18
931,1,1,84,3,2,2,11/13/2023,80.88,45.09,4,0.11
932,4,3,95,2,2,2,12/8/2023,112.66,42.51,6,0.06
933,3,5,69,1,1,1,2/20/2024,35.47,28.87,1,0.11
934,2,8,2,2,1,2,11/30/2023,47.46,49.91,6,0.15
935,3,6,55,2,1,2,3/28/2024,118.23,49.2,1,0.17
936,3,2,86,3,3,3,2/24/2024,143.02,47.09,4,0.06
937,1,4,86,1,1,2,1/15/2024,139.07,5.02,4,0.1
938,4,5,54,2,1,2,3/8/2024,117.38,22.84,10,0.15
939,5,4,62,3,1,2,1/24/2024,96.49,14.75,8,0.19
940,5,9,28,2,3,2,5/24/2024,64.43,34.03,4,0.15
941,1,6,88,2,2,2,4/4/2024,34.52,26.28,6,0.15
942,3,8,73,3,2,3,2/25/2024,77.16,9.08,3,0.19
943,5,5,17,3,3,3,6/7/2024,92.16,49.93,6,0.17
944,3,3,44,3,1,1,2/16/2024,33.1,28.24,1,0.12
945,4,1,95,3,2,2,11/3/2023,139.62,43.45,9,0.07
946,5,7,70,3,2,3,1/14/2024,146.11,45.82,8,0.13
947,2,6,14,1,1,3,3/1/2024,100.64,43.01,1,0.1
948,4,1,76,3,1,2,4/4/2024,53.98,29.8,9,0.2
949,2,7,97,1,1,1,6/27/2023,146.77,7.82,1,0.15
950,4,9,82,3,3,3,5/21/2024,53.16,8.33,4,0.12
951,5,3,88,2,3,2,8/18/2023,64.48,47.91,4,0.13
952,1,3,36,2,2,2,11/19/2023,141.04,26.02,6,0.07
953,1,5,7,3,2,2,4/16/2024,92.62,48.77,4,0.09
954,3,2,71,2,3,2,12/23/2023,33.4,35.67,2,0.1
955,2,5,14,2,1,3,6/7/2024,34.67,7.04,6,0.19
956,1,6,94,2,1,1,4/18/2024,52.22,17.29,10,0.14
957,5,1,35,2,1,1,11/1/2023,120.22,17.63,10,0.05
958,3,5,43,2,1,1,1/29/2024,100.06,29.63,7,0.07
959,1,3,80,1,3,3,1/5/2024,46.52,24.79,6,0.06
960,5,8,31,1,3,3,10/15/2023,81.01,6.7,2,0.1
961,5,7,25,3,2,1,7/20/2023,145.69,27.26,3,0.15
962,5,10,3,3,1,2,6/8/2024,75.45,45.05,10,0.11
963,3,2,81,1,2,3,8/21/2023,83.96,16.12,4,0.06
964,3,5,1,3,2,1,10/25/2023,57.6,33.54,5,0.15
965,3,7,61,2,2,2,4/27/2024,98.8,20.87,7,0.12
966,3,1,72,2,3,2,5/13/2024,46.61,45.73,2,0.15
967,1,7,25,3,3,1,11/6/2023,88.38,49.72,2,0.17
968,2,4,48,3,2,3,1/12/2024,58.41,14.76,1,0.17
969,3,1,80,1,3,1,7/30/2023,126.03,19.6,4,0.19
970,2,4,16,1,2,3,2/23/2024,140.59,26.84,10,0.07
971,1,4,38,3,1,3,9/27/2023,61.28,25.49,5,0.16
972,3,7,6,1,1,2,1/11/2024,95.32,21.44,2,0.09
973,4,9,60,2,3,2,11/17/2023,79.53,34.73,3,0.1
974,2,10,87,1,2,2,5/28/2024,31.84,10.2,2,0.1
975,3,10,6,2,3,3,5/5/2024,136.98,16.27,7,0.18
976,1,4,94,1,2,1,9/12/2023,138.97,47.13,6,0.13
977,4,3,71,3,2,3,7/5/2023,118.67,8.86,6,0.14
978,2,2,70,3,3,2,2/15/2024,140.52,18.74,9,0.1
979,5,7,4,1,3,1,10/4/2023,80.19,8.24,2,0.17
980,5,3,86,1,1,3,2/11/2024,88.18,20.04,9,0.18
981,4,2,69,3,2,1,7/3/2023,131.97,49.84,5,0.18
982,4,5,27,2,1,2,7/2/2023,120.46,8.41,8,0.15
983,4,3,21,1,3,3,3/29/2024,136.51,24.58,3,0.1
984,5,2,92,2,1,3,11/2/2023,47.08,5.81,2,0.12
985,2,2,100,2,2,3,9/8/2023,79.18,13.31,5,0.06
986,4,1,98,1,1,3,12/31/2023,131.86,21.24,2,0.18
987,3,9,20,3,3,3,9/2/2023,80.38,7.59,4,0.14
988,1,10,30,1,3,2,8/9/2023,38.01,20.47,5,0.05
989,4,9,42,2,3,2,8/16/2023,37.63,9.15,8,0.08
990,5,4,44,1,3,3,5/31/2024,122.43,6.53,7,0.19
991,4,2,71,2,2,1,4/15/2024,37.92,14.46,7,0.15
992,4,3,47,2,1,1,5/17/2024,86.07,41.28,4,0.17
993,5,9,80,3,2,2,7/12/2023,148.93,9.43,7,0.17
994,5,4,20,2,3,2,7/21/2023,135.02,11.76,2,0.19
995,2,2,34,3,3,1,11/8/2023,81.79,37.5,8,0.11
996,5,8,50,1,2,2,6/2/2024,146.09,17.65,6,0.05
997,5,9,91,1,2,3,6/8/2024,143.01,25.66,2,0.12
998,5,10,58,1,2,1,5/1/2024,90.67,13.34,8,0.16
999,3,9,39,3,2,3,9/6/2023,50.33,39.84,5,0.19
1000,1,6,42,3,1,3,1/17/2024,56.74,41.18,7,0.2
